{"cameraMode":{"drawMode":0,"name":"Shaded","section":"Shading Mode"},"sceneLighting":true,"audioPlay":false,"sceneViewState":{"m_AlwaysRefresh":false,"showFog":true,"showSkybox":true,"showFlares":true,"showImageEffects":true,"showParticleSystems":true,"showVisualEffectGraphs":true,"m_FxEnabled":true},"in2DMode":false,"pivot":{"x":1.9708166122436524,"y":0.8723398447036743,"z":0.6812558770179749},"rotation":{"x":-0.017920920625329019,"y":0.9740652441978455,"z":-0.08228662610054016,"w":-0.2103518843650818},"size":0.4503650665283203,"orthographic":false}