{"cameraMode":{"drawMode":0,"name":"Shaded","section":"Shading Mode"},"sceneLighting":true,"audioPlay":false,"sceneViewState":{"m_AlwaysRefresh":false,"showFog":true,"showSkybox":true,"showFlares":true,"showImageEffects":true,"showParticleSystems":true,"showVisualEffectGraphs":true,"m_FxEnabled":true},"in2DMode":false,"pivot":{"x":1.743011236190796,"y":0.9747114181518555,"z":0.44045019149780276},"rotation":{"x":-0.05653872713446617,"y":0.9276372790336609,"z":-0.1561371386051178,"w":-0.33492526412010195},"size":0.42123475670814516,"orthographic":false}