{"cameraMode":{"drawMode":0,"name":"Shaded","section":"Shading Mode"},"sceneLighting":true,"audioPlay":false,"sceneViewState":{"m_AlwaysRefresh":false,"showFog":true,"showSkybox":true,"showFlares":true,"showImageEffects":true,"showParticleSystems":true,"showVisualEffectGraphs":true,"m_FxEnabled":true},"in2DMode":false,"pivot":{"x":1.848936915397644,"y":1.0408551692962647,"z":0.5530726909637451},"rotation":{"x":0.014077745378017426,"y":-0.9757364988327026,"z":0.07887889444828034,"w":0.20751966536045075},"size":0.5049963593482971,"orthographic":false}