{"cameraMode":{"drawMode":0,"name":"Shaded","section":"Shading Mode"},"sceneLighting":true,"audioPlay":false,"sceneViewState":{"m_AlwaysRefresh":false,"showFog":true,"showSkybox":true,"showFlares":true,"showImageEffects":true,"showParticleSystems":true,"showVisualEffectGraphs":true,"m_FxEnabled":true},"in2DMode":false,"pivot":{"x":1.9876916408538819,"y":1.1622453927993775,"z":0.5684438347816467},"rotation":{"x":-0.02246266044676304,"y":-0.049878425896167758,"z":0.00153226254042238,"w":-0.9988499283790588},"size":0.02699941396713257,"orthographic":false}