{"cameraMode":{"drawMode":0,"name":"Shaded","section":"Shading Mode"},"sceneLighting":true,"audioPlay":false,"sceneViewState":{"m_AlwaysRefresh":false,"showFog":true,"showSkybox":true,"showFlares":true,"showImageEffects":true,"showParticleSystems":true,"showVisualEffectGraphs":true,"m_FxEnabled":true},"in2DMode":false,"pivot":{"x":1.997935175895691,"y":0.9186697006225586,"z":0.6660981774330139},"rotation":{"x":0.004134679213166237,"y":-0.9861630797386169,"z":0.0567995086312294,"w":0.16105471551418305},"size":0.5302010178565979,"orthographic":false}